{
  "tokens_in": 106454,
  "tokens_out": 151958,
  "cost": 0.0516824,
  "time": 10550.726569414139
}